{"sfx_volume": 0.5099999904632568, "music_volume": 0.22074513137340546, "fullscreen": false, "show_fps": true}