{"sfx_volume": 0.28930795192718506, "music_volume": 0.09277807921171188, "fullscreen": false, "show_fps": true}