{"sfx_volume": 0.24775627255439758, "music_volume": 0.7699999809265137, "fullscreen": false, "show_fps": true}