{"sfx_volume": 0.5263508558273315, "music_volume": 0.20999999344348907, "fullscreen": false, "show_fps": true}